"id_anggota","nama","alamat","no_telp"
"001","Khoirul Ansori","Bangkalan","085745884738"
"002","John Doe","Bangkalan","08562384956"
"003","Jane Smith","Surabaya","08123456789"
"004","Bob Johnson","Sidoarjo","08765432123"
"005","Alice Brown","Malang","08987654321"
"006","David Lee","Mojokerto","08111223344"
"007","Michael Brown","Gresik","08199887766"
"008","Emily Davis","Pasuruan","08911223344"
"009","Christopher Miller","Probolinggo","08233445566"
"010","Olivia Wilson","Banyuwangi","08177665544"
"011","Daniel Garcia","Lamongan","08566778899"
"012","Sophia Martinez","Tuban","08744556677"
"013","Matthew Taylor","Jember","08922334455"
"014","Isabella Hernandez","Bondowoso","08133445566"
"015","David Anderson","Sumenep","08244556677"
"016","Emma Robinson","Madiun","08755667788"
"017","Elijah Turner","Batu","08555443322"
"018","Ava Perez","Probolinggo","08111223344"
"019","Logan Foster","Jember","08522334455"
"020","Mia Ramirez","Banyuwangi","08233445566"
"021","Lucas Smith","Surabaya","08744556677"
"022","Aria Taylor","Sidoarjo","08955667788"
"023","Liam Flores","Pasuruan","08133445566"
"024","Layla Turner","Mojokerto","08544556677"
"025","Caleb Bennett","Gresik","08955667788"
"026","Zoe Evans","Malang","08177665544"
"027","Gabriel Collins","Batu","08266778899"
"028","Nora Davis","Bondowoso","08444556677"
"029","Ethan Hernandez","Madiun","08112233445"
"030","Avery Wilson","Tuban","08533445566"
"031","Ella Scott","Probolinggo","08255667788"
"032","Jackson Turner","Pasuruan","08766778899"
"034","Amelia Brooks","Banyuwangi","08944556677"
"035","James Rodriguez","Surabaya","08155667788"
"036","Chloe Hall","Sidoarjo","08566778899"
"037","Henry Adams","Jember","08244556677"
"038","Luna White","Mojokerto","08755667788"
"039","Mason Green","Gresik","08133445566"
"040","Piper Murphy","Bondowoso","08333445566"
"041","Sophie Turner","Sidoarjo","08112233445"
"042","Noah Davis","Malang","08533445566"
"043","Ava Martinez","Surabaya","08255667788"
"044","Liam Wilson","Banyuwangi","08766778899"
"045","Isabella Thompson","Jember","08944556677"
"046","Jackson Clark","Madiun","08155667788"
"047","Olivia Hall","Probolinggo","08566778899"
"048","Lucas Scott","Pasuruan","08244556677"
"049","Aria Evans","Mojokerto","08755667788"
"050","Elijah Brooks","Gresik","08133445566"
"051","Mia White","Bondowoso","08333445566"
"052","Ethan Miller","Sidoarjo","08112233445"
"053","Ava Thompson","Malang","08533445566"
"054","Liam Robinson","Surabaya","08255667788"
"055","Olivia Wilson","Banyuwangi","08766778899"
"056","Noah Davis","Jember","08944556677"
"057","Sophia Clark","Madiun","08155667788"
"058","Lucas Turner","Probolinggo","08566778899"
"059","Emma Scott","Pasuruan","08244556677"
"060","Mason Evans","Mojokerto","08755667788"
"061","Chloe Brooks","Gresik","08133445566"
"062","Jackson White","Bondowoso","08333445566"
"063","Ella Turner","Sidoarjo","08112233445"
"064","Liam Davis","Malang","08533445566"
"065","Aria Martinez","Surabaya","08255667788"
"066","Jackson Wilson","Banyuwangi","08766778899"
"067","Sophie Clark","Jember","08944556677"
"068","Lucas Thompson","Madiun","08155667788"
"069","Emma Brooks","Probolinggo","08566778899"
"070","Oliver Scott","Pasuruan","08244556677"
"071","Ava Evans","Mojokerto","08755667788"
"072","Mia Turner","Gresik","08133445566"
"073","Noah White","Bondowoso","08333445566"
"074","Liam Robinson","Sidoarjo","08112233445"
"075","Olivia Wilson","Malang","08533445566"
"076","Noah Davis","Surabaya","08255667788"
"077","Emma Turner","Banyuwangi","08766778899"
"078","Sophia Clark","Jember","08944556677"
"079","Lucas Thompson","Madiun","08155667788"
"080","Ava Evans","Probolinggo","08566778899"
"081","Ethan Scott","Pasuruan","08244556677"
"082","Aria Brooks","Mojokerto","08755667788"
"083","Jackson White","Gresik","08133445566"
"084","Mia Turner","Bondowoso","08333445566"
"085","Ethan Turner","Pandaan","08112233445"
"086","Ava Davis","Jombang","08533445566"
"087","Liam Martinez","Probolinggo","08255667788"
"088","Olivia Wilson","Lumajang","08766778899"
"089","Noah Clark","Situbondo","08944556677"
"090","Sophia Thompson","Blitar","08155667788"
"091","Lucas Robinson","Tulungagung","08566778899"
"092","Emma Brooks","Nganjuk","08244556677"
"093","Mason Evans","Ponorogo","08755667788"
"094","Chloe White","Magetan","08133445566"
"095","Jackson Turner","Trenggalek","08333445566"
"096","Ella Martinez","Pamekasan","08112233445"
"097","Liam Wilson","Lamongan","08533445566"
"098","Aria Turner","Bojonegoro","08255667788"
"099","Jackson Evans","Madiun","08766778899"
"100","Sophie Thompson","Tuban","08944556677"
"101","Ethan Turner","Sidoarjo","08112233645"
"102","Ava Davis","Malang","08533445567"
"103","Liam Martinez","Surabaya","08255167788"
"104","Olivia Wilson","Banyuwangi","08776778899"
"105","Noah Clark","Jember","08944556673"
"106","Sophia Thompson","Madiun","08155612788"
"107","Lucas Robinson","Probolinggo","08520778899"
"108","Emma Brooks","Pasuruan","08244556527"
"109","Mason Evans","Mojokerto","08755663688"
"110","Chloe White","Gresik","08133445896"
"111","Jackson Turner","Bondowoso","08793445566"
"112","Ella Martinez","Pamekasan","08115633445"
"113","Liam Wilson","Ngawi","08533445589"
"114","Aria Turner","Magetan","08255667765"
"115","Jackson Evans","Trenggalek","08766772899"
"116","Sophie Thompson","Tulungagung","08949556677"
"117","Lucas Robinson","Kediri","08155667725"
"118","Olivia Brooks","Jombang","08566778810"
"119","Mason Turner","Lumajang","08244556697"
"120","Emma Evans","Ponorogo","08755667258"
"121","Chloe White","Bojonegoro","08133885566"
"122","Noah Davis","Blitar","08333466566"
"123","Budi Santoso","Jakarta","08112255445"
"124","Siti Rahayu","Bandung","08533445599"
"125","Irfan Surya","Surabaya","08255667458"
"126","Rini Susanti","Yogyakarta","08766338899"
"127","Hadi Pratama","Semarang","08944557777"
"128","Yuni Wijaya","Malang","08155667028"
"129","Arief Wibowo","Medan","08566778039"
"130","Maya Indah","Denpasar","08244550777"
"131","Agus Setiawan","Makassar","08759667788"
"132","Dewi Rahayu","Manado","08783445566"
"133","Arief Hidayat","Bogor","08133445566"
"134","Rini Puspita","Semarang","08112833445"
"135","Yoga Pratama","Surabaya","08533420566"
"136","Dewi Permata","Bandung","08255667988"
"137","Agus Riyanto","Jakarta","08766778199"
"138","Lia Suryani","Makassar","08944556377"
"139","Hadi Santoso","Medan","08155667780"
"140","Maya Sari","Denpasar","08566778891"
"141","Arief Wijaya","Malang","08244556667"
"142","Rina Setiawan","Yogyakarta","08752667788"
"143","Budi Hidayat","Manado","08733445506"
"144","Siti Wahyuni","Bogor","08433445561"
"145","Rudi Setiawan","Surakarta","08712233445"
"146","Ani Kusuma","Padang","08533445566"
"147","Dedi Sutanto","Madiun","08335667788"
"148","Sari Indah","Yogyakarta","08366778899"
"149","Hendra Permana","Cirebon","08144556677"
"150","Nina Handayani","Manado","08755667788"
"151","Nina Handayani","Manado","08755657788"
"152","Rudi Santoso","Jakarta","08123456989"
"153","Siti Rahayu","Surabaya","08567892034"
"154","Ahmad Yani","Bandung","08987654320"
"155","Dewi Lestari","Yogyakarta","08113623344"
"156","Nina Handayani","Manado","08755667988"
"157","Rudi Sugi","Jakarta","081234567810"
"158","Siti Purwanti","Surabaya","08567895034"
"159","Yani Yuli","Bandung","08987654302"
"160","Dewi kartika","Yogyakarta","08111103344"
"161","John Doe","London","07123456789"
"162","Jane Smith","Manchester","07567891234"
"163","Robert Johnson","Liverpool","07987054321"
"164","Emily White","Birmingham","07211223344"
"165","Michael Brown","Oxford","07122334435"
"166","Olivia Davis","Cambridge","07445562778"
"167","Sophie Turner","Bristol","07223344557"
"168","Daniel Wilson","Edinburgh","07667788998"
"169","Grace Miller","Cardiff","07334455667"
"170","Charles Harris","Glasgow","07778881900"
"171","Lily Jackson","Belfast","07555667708"
"172","Thomas Anderson","Newcastle","07123456789"
"173","Emma Wilson","Bristol","07567891234"
"174","James Carter","Manchester","07987654321"
"175","Ava Turner","Edinburgh","07211223344"
"176","Samuel Brown","Liverpool","07122334455"
"177","Zoe Davis","Cardiff","07445566778"
"178","Ethan White","Glasgow","07667788990"
"179","Mia Harris","Belfast","07334455667"
"180","William Jackson","Cambridge","07778889900"
"181","Sophia Miller","Oxford","07555667788"
"182","Pieter van der Berg","Amsterdam","07123456789"
"183","Lotte Janssen","Rotterdam","07567891234"
"184","Hendrik de Vries","Utrecht","07982654321"
"185","Anouk van Dijk","The Hague","07218223344"
"186","Willem de Jong","Eindhoven","071229334455"
"187","Madelief Visser","Groningen","07441566778"
"188","Jasper Bakker","Maastricht","07667888990"
"189","Fleur van Leeuwen","Haarlem","07337455667"
"190","Daan Jansen","Leiden","07778889902"
"191","Eva de Boer","Delft","07555667781"
"192","Rik van den Berg","Amersfoort","07123454789"
"193","Luna van Rijn","Gouda","07567891233"
"194","Thijs de Koning","Enschede","07987154321"
"195","Elin de Groot","Zwolle","07211224444"
"196","Sven Bakker","Alkmaar","07122303455"
"197","Femke Visser","Tilburg","07445596778"
"198","Tobias van Dijk","Nijmegen","07067788990"
"199","Roos de Wit","Arnhem","07334453667"
"200","Luuk Jansen","Breda","07778888900"
"201","Mia van der Meer","Amstelveen","07725667788"
"202","Finn van Vliet","Amsterdam","07120456789"
"203","Nina de Graaf","Rotterdam","07867891234"
"204","Mees Janssen","Utrecht","07987754321"
"205","Lara de Jong","The Hague","07211223344"
"206","Ruben Visser","Eindhoven","07122384455"
"207","Isa Bakker","Groningen","07445566778"
"208","Simon Visser","Maastricht","07667788990"
"209","Noor van Leeuwen","Haarlem","07634455667"
"210","Jayden de Boer","Leiden","07778809900"
"211","Eva de Vries","Delft","07555667488"
"212","Max van der Linden","Amersfoort","07133456789"
"213","Eva van Rijn","Gouda","07567891024"
"214","Sem de Koning","Enschede","07980054321"
"215","Lynn de Groot","Zwolle","07211299344"
"216","Thomas Bakker","Alkmaar","07122333655"
"217","Fleur Visser","Tilburg","07445566888"
"218","Jesse van Dijk","Nijmegen","07667508990"
"219","Lara de Wit","Arnhem","07334456067"
"220","Daan Jansen","Breda","07778885500"
"221","Noa van der Meer","Amstelveen","07585667788"
"222","Sophie de Boer","Amsterdam","07189456789"
"223","Luuk Janssen","Rotterdam","07565891234"
"224","Nina van Vliet","Utrecht","07987654321"
"225","Finn de Graaf","The Hague","07215523344"
"226","Eva Janssen","Eindhoven","07122334455"
"227","Daan de Jong","Groningen","07445533778"
"228","Noor Bakker","Maastricht","07667788002"
"229","Mees Visser","Haarlem","07334455607"
"230","Isa van Leeuwen","Leiden","07778878900"
"231","Liam de Boer","Delft","07555667308"
"232","Sofia Garcia","Madrid","07123456789"
"233","Mateo Hernandez","Barcelona","07561591234"
"234","Martina Rodriguez","Valencia","07900654321"
"235","Pablo Fernandez","Seville","07214623344"
"236","Lucia Lopez","Zaragoza","07122334995"
"237","Diego Martinez","Málaga","07445566702"
"238","Valentina Sanchez","Murcia","09267788990"
"239","Javier Gonzalez","Palma de Mallorca","03634455667"
"240","Emma Navarro","Las Palmas","07779589900"
"241","Adrian Torres","Bilbao","07555662088"
"242","Isabella Cruz","Granada","07123056789"
"243","Alejandro Ramirez","Alicante","07565591234"
"244","Luna Morales","Valladolid","07967654321"
"245","Hugo Torres","Cordoba","07211823344"
"246","Carmen Rodriguez","Burgos","07212334455"
"247","Gabriel Moreno","Santander","07410566778"
"248","Elena Gomez","Salamanca","07667722990"
"249","Daniel Herrera","Oviedo","07334455667"
"250","Adriana Fernandez","Pamplona","07788889900"
"251","Mario Silva","Toledo","07555663388"
"252","Eduardo Diaz","Madrid","+34 612345678"
"253","Clara Romero","Barcelona","+34 622345689"
"254","Javier Lopez","Valencia","+34 632345790"
"255","Marta Fernandez","Seville","+34 642345801"
"256","Carlos Martinez","Zaragoza","+34 652345912"
"257","Sofia Torres","Málaga","+34 662345023"
"258","Diego Sanchez","Murcia","+34 672345134"
"259","Maria Gonzalez","Palma de Mallorca","+34 682345245"
"260","Alejandro Navarro","Las Palmas","+34 692345356"
"261","Isabel Torres","Bilbao","+34 702345467"
"262","Antonio Ramirez","Granada","+34 712345678"
"263","Lucia Martin","Alicante","+34 722345689"
"264","Pablo Herrera","Valladolid","+34 732345790"
"265","Elena Torres","Cordoba","+34 742345801"
"266","Hector Gomez","Burgos","+34 752345912"
"267","Adriana Ruiz","Santander","+34 762345023"
"268","Julian Diaz","Salamanca","+34 772345134"
"269","Isabel Fernandez","Oviedo","+34 782345245"
"270","Juan Garcia","Pamplona","+34 792345356"
"271","Sara Rodriguez","Toledo","+34 802345467"
"272","Miguel Santos","Lisbon","+351 912345678"
"273","Ana Silva","Porto","+351 922345689"
"274","Diogo Costa","Braga","+351 932345790"
"275","Ines Pereira","Coimbra","+351 942345801"
"276","Joao Rodrigues","Funchal","+351 952345912"
"277","Beatriz Oliveira","Aveiro","+351 962345023"
"278","Rafael Martins","Faro","+351 972345134"
"279","Carolina Fernandes","Évora","+351 982345245"
"280","Tiago Almeida","Portimão","+351 992345356"
"281","Matilde Sousa","Vila Nova de Gaia","+351 902345467"
"282","Gabriel Costa","Lisbon","+351 912345679"
"283","Sofia Martins","Porto","+351 922345680"
"284","Martim Silva","Braga","+351 932345681"
"285","Lara Oliveira","Coimbra","+351 942345682"
"286","Diogo Pereira","Funchal","+351 952345683"
"287","Inês Rodrigues","Aveiro","+351 962345684"
"288","Rafaela Almeida","Faro","+351 972345685"
"289","Miguel Fernandes","Évora","+351 982345686"
"290","Carolina Sousa","Portimão","+351 992345687"
"291","Tiago Alves","Vila Nova de Gaia","+351 902345688"
"292","Matilde Costa","Lisbon","+351 912345690"
"293","Leonor Silva","Porto","+351 922345691"
"294","Gonçalo Oliveira","Braga","+351 932345692"
"295","Mariana Pereira","Coimbra","+351 942345693"
"296","Simão Rodrigues","Funchal","+351 952345694"
"297","Laura Almeida","Aveiro","+351 962345695"
"298","Manuel Fernandes","Faro","+351 972345696"
"299","Rita Sousa","Évora","+351 982345697"
"300","David Alves","Portimão","+351 992345698"
"301","André Silva","Lisbon","+351 912345699"
"302","Isabel Costa","Porto","+351 922345700"
"303","Francisco Oliveira","Braga","+351 932345701"
"304","Luis Pereira","Coimbra","+351 942345702"
"305","Ana Rodrigues","Funchal","+351 952345703"
"306","Rui Almeida","Aveiro","+351 962345704"
"307","Sara Fernandes","Faro","+351 972345705"
"308","Hugo Sousa","Évora","+351 982345706"
"309","Inês Alves","Portimão","+351 992345707"
"310","Pedro Santos","Vila Nova de Gaia","+351 902345708"
"311","Gabriela Santos","Lisbon","+351 912345709"
"312","José Costa","Porto","+351 922345710"
"313","Mariana Oliveira","Braga","+351 932345711"
"314","Ricardo Pereira","Coimbra","+351 942345712"
"315","Beatriz Rodrigues","Funchal","+351 952345713"
"316","Rafael Almeida","Aveiro","+351 962345714"
"317","Clara Fernandes","Faro","+351 972345715"
"318","Daniel Sousa","Évora","+351 982345716"
"319","Lara Alves","Portimão","+351 992345717"
"320","Tomás Santos","Vila Nova de Gaia","+351 902345718"
"321","Ana Martins","Lisbon","+351 912345719"
"322","Lucas Costa","Porto","+351 922345720"
"323","Isabel Oliveira","Braga","+351 932345721"
"324","Miguel Pereira","Coimbra","+351 942345722"
"325","Carolina Rodrigues","Funchal","+351 952345723"
"326","Hugo Almeida","Aveiro","+351 962345724"
"327","Sofia Fernandes","Faro","+351 972345725"
"328","Gabriel Sousa","Évora","+351 982345726"
"329","Clara Alves","Portimão","+351 992345727"
"330","Daniel Santos","Vila Nova de Gaia","+351 902345728"
"331","Li Wei","Beijing","+86 13812345678"
"332","Zhang Mei","Shanghai","+86 13912345678"
"333","Wang Jie","Guangzhou","+86 13612345678"
"334","Liu Xin","Shenzhen","+86 13512345678"
"335","Chen Lin","Chengdu","+86 13212365678"
"336","Yang Ming","Hangzhou","+86 10212345678"
"337","Xu Tao","Nanjing","+86 13012035678"
"338","Wu Fang","Xian","+86 13112348678"
"339","Zhao Hong","Wuhan","+86 13412045678"
"340","Sun Ying","Chongqing","+86 13703345678"
"341","Li Chen","Beijing","+86 13822325678"
"342","Zhang Wei","Shanghai","+86 13928345678"
"343","Wang Mei","Guangzhou","+86 13621345678"
"344","Liu Jie","Shenzhen","+86 13522375678"
"345","Chen Xin","Chengdu","+86 13222395678"
"346","Yang Lin","Hangzhou","+86 13327045678"
"347","Xu Ming","Nanjing","+86 13022375678"
"348","Wu Fang","Xian","+86 13122345988"
"349","Zhao Ming","Wuhan","+86 13422315678"
"350","Sun Jie","Chongqing","+86 13728545678"
"351","Li Hong","Beijing","+86 13832308678"
"352","Zhang Xia","Shanghai","+86 13932345678"
"353","Wang Lei","Guangzhou","+86 13639345678"
"354","Liu Yu","Shenzhen","+86 13532341678"
"355","Chen Qian","Chengdu","+86 13232345678"
"356","Yang Min","Hangzhou","+86 13330045678"
"357","Xu Xin","Nanjing","+86 13032341178"
"358","Wu Min","Xian","+86 13132345698"
"359","Zhao Yu","Wuhan","+86 13432345368"
"360","Sun Lei","Chongqing","+86 13739845678"
"361","Emily Johnson","New York","+1 212-555-1234"
"362","Michael Davis","Los Angeles","+1 213-555-5678"
"363","Sophia Brown","Chicago","+1 312-555-9012"
"364","Matthew Miller","Houston","+1 713-555-3456"
"365","Olivia Smith","Phoenix","+1 602-555-7890"
"366","Daniel Wilson","Philadelphia","+1 215-555-2345"
"367","Ava Johnson","San Antonio","+1 210-555-6789"
"368","Ethan Davis","San Diego","+1 619-555-0123"
"369","Emma Taylor","Dallas","+1 214-555-4567"
"370","William Martinez","San Jose","+1 408-555-8901"
"371","Isabella Anderson","Miami","+1 305-005-1234"
"372","Jackson Brown","Seattle","+1 206-588-5678"
"373","Sophie Clark","Denver","+1 303-555-9012"
"374","Carter Davis","Minneapolis","+1 612-555-3422"
"375","Ava Evans","Detroit","+1 313-555-7875"
"376","Henry Garcia","Boston","+1 617-555-2320"
"377","Olivia Hill","Portland","+1 503-555-6159"
"378","Liam Johnson","Las Vegas","+1 702-555-0243"
"379","Zoe King","Atlanta","+1 404-555-4500"
"380","Mason Lewis","San Francisco","+1 493-555-8901"
"381","Landon Foster","Chicago","+1 312-555-3450"
"382","Scarlett Turner","Dallas","+1 214-555-6781"
"383","Brayden Walker","Houston","+1 713-555-0122"
"384","Eva Bennett","San Antonio","+1 210-555-4563"
"385","Hudson Reed","San Diego","+1 619-555-8904"
"386","Lily Mitchell","Phoenix","+1 602-555-1235"
"387","Connor Coleman","San Jose","+1 408-555-5676"
"388","Amelia Martinez","Austin","+1 512-555-9017"
"389","Grayson Carter","Seattle","+1 206-555-2348"
"390","Hazel Miller","Charlotte","+1 704-555-5679"
"391","Elijah Turner","Denver","+1 303-555-3451"
"392","Adeline Foster","Minneapolis","+1 612-555-6782"
"393","Zachary Davis","Detroit","+1 313-555-0123"
"394","Madelyn Hill","Boston","+1 617-555-4564"
"395","Harrison Garcia","Portland","+1 503-555-8905"
"396","Stella King","Las Vegas","+1 702-555-1236"
"397","Aiden Hill","Atlanta","+1 404-555-5677"
"398","Penelope Lewis","San Francisco","+1 415-555-9018"
"399","Austin Carter","Miami","+1 305-555-2349"
"400","Mila Bennett","Philadelphia","+1 215-555-5670"
"401","Liam Turner","Dallas","+1 214-555-6783"
"402","Aria Mitchell","Houston","+1 713-555-0124"
"403","Grayson Walker","San Antonio","+1 210-555-4565"
"404","Emma Reed","San Diego","+1 619-555-8906"
"405","Hudson Bennett","Phoenix","+1 602-555-1237"
"406","Scarlett Coleman","San Jose","+1 408-555-5678"
"407","Mila Martinez","Austin","+1 512-555-9019"
"408","Elijah Davis","Seattle","+1 206-555-2340"
"409","Zachary Carter","Charlotte","+1 704-555-5671"
"410","Adeline Hill","Denver","+1 303-555-8902"
"411","Lerato Ndlovu","Johannesburg","+27 72 123 4567"
"412","Chijioke Abiola","Lagos","+234 803 123 4567"
"413","Aisha Kamau","Nairobi","+254 712 345 678"
"414","Moussa Traoré","Bamako","+223 76 54 32 10"
"415","Naledi Khumalo","Cape Town","+27 83 987 6543"
"416","Kwame Asante","Accra","+233 20 123 4567"
"417","Fatima Ahmed","Cairo","+20 102 345 6789"
"418","Tariq Ibrahim","Casablanca","+212 661-234567"
"419","Chinwe Okonkwo","Abuja","+234 701 234 5678"
"420","Sipho Nkosi","Durban","+27 83 765 4321"
"421","Sekou Diallo","Dakar","+221 77 123 4567"
"422","Zanele Dlamini","Johannesburg","+27 72 765 4321"
"423","Abdullahi Mohammed","Lagos","+234 803 456 7890"
"424","Nadia Ebele","Nairobi","+254 712 987 6543"
"425","Folasade Oladele","Abuja","+234 701 567 8901"
"426","Adebayo Adeyemi","Accra","+233 20 345 6789"
"427","Rania Said","Cairo","+20 102 678 9012"
"428","Youssef El-Mahmoud","Casablanca","+212 661-876543"
"429","Ghana Moyo","Harare","+263 71 234 5678"
"430","Botswana Kgosi","Gaborone","+267 72 345 6789"
"431","Kenya Njoroge","Nairobi","+254 712 345 678"
"432","Thabo Sibanda","Johannesburg","+27 72 123 4567"
"433","Amina Bello","Lagos","+234 803 456 7890"
"434","Kwesi Amoako","Accra","+233 20 345 6789"
"435","Malika Hakim","Cairo","+20 102 678 9012"
"436","Mohammed Toure","Bamako","+223 76 54 32 10"
"437","Zanele Nkosi","Durban","+27 83 765 4321"
"438","Said Ibrahim","Casablanca","+212 661-876543"
"439","Lerato Dlamini","Gaborone","+267 72 345 6789"
"440","Chukwuemeka Okonkwo","Abuja","+234 701 567 8901"
"441","Fatima Kamau","Nairobi","+254 712 987 654"
"442","Oluwaseun Adebayo","Lagos","+234 803 234 5678"
"443","Isaiah Afolabi","Accra","+233 20 456 7890"
"444","Aicha Toure","Bamako","+223 76 32 10 54"
"445","Chidi Nwachukwu","Abuja","+234 701 678 9012"
"446","Aisha Mohamed","Cairo","+20 102 890 1234"
"447","Ghana Asante","Harare","+263 71 345 6789"
"448","Zainab Bello","Casablanca","+212 661-234567"
"449","Nkosana Nkosi","Johannesburg","+27 72 456 7890"
"450","Fatoumata Sow","Dakar","+221 77 876 5432"
"451","Sibusiso Mokoena","Johannesburg","+27 72 987 6543"
"452","Ezinne Okoro","Lagos","+234 803 345 6789"
"453","Kwesi Osei","Accra","+233 20 567 8901"
"454","Samira Toure","Bamako","+223 76 54 32 10"
"455","Obinna Nwabueze","Abuja","+234 701 678 9012"
"456","Karim Ibrahim","Cairo","+20 102 890 1234"
"457","Nomusa Dube","Harare","+263 71 345 6789"
"458","Laila Bensouda","Casablanca","+212 661-234567"
"459","Thabo Nkosi","Durban","+27 83 456 7890"
"460","Mariam Sow","Dakar","+221 77 876 5432"
"461","Giuseppe Rossi","Rome","+39 333 1234567"
"462","Sofia Romano","Milan","+39 334 2345678"
"463","Marco Conti","Naples","+39 335 3456789"
"464","Alessia Ferrari","Turin","+39 336 4567890"
"465","Luca Bianchi","Florence","+39 337 5678901"
"466","Giulia Martini","Venice","+39 338 6789012"
"467","Lorenzo Russo","Bologna","+39 339 7890123"
"468","Emma Lombardi","Genoa","+39 340 8901234"
"469","Fabio Mancini","Palermo","+39 341 9012345"
"470","Valentina Costa","Bari","+39 342 0123456"
"471","Alessandro Moretti","Milan","+39 343 1234567"
"472","Isabella Ferrari","Rome","+39 344 2345678"
"473","Lorenzo Russo","Naples","+39 345 3456789"
"474","Sofia Romano","Turin","+39 346 4567890"
"475","Marco Conti","Florence","+39 347 5678901"
"476","Giulia Martini","Venice","+39 348 6789012"
"477","Luca Bianchi","Bologna","+39 349 7890123"
"478","Valentina Costa","Genoa","+39 350 8901234"
"479","Fabio Mancini","Palermo","+39 351 9012345"
"480","Emma Lombardi","Bari","+39 352 0123456"
"481","Giovanni Russo","Rome","+39 353 1234567"
"482","Aria Lombardi","Milan","+39 354 2345678"
"483","Matteo Martini","Naples","+39 355 3456789"
"484","Sophia Ferrari","Turin","+39 356 4567890"
"485","Marco Romano","Florence","+39 357 5678901"
"486","Isabella Moretti","Venice","+39 358 6789012"
"487","Lorenzo Costa","Bologna","+39 359 7890123"
"488","Valeria Bianchi","Genoa","+39 360 8901234"
"489","Alessia Mancini","Palermo","+39 361 9012345"
"490","Luca Ferrari","Bari","+39 362 0123456"
"491","Leonardo Rossi","Rome","+39 363 1234567"
"492","Alessandra Moretti","Milan","+39 364 2345678"
"493","Gabriele Romano","Naples","+39 365 3456789"
"494","Bianca Martini","Turin","+39 366 4567890"
"495","Luigi Romano","Florence","+39 367 5678901"
"496","Aria Ferrari","Venice","+39 368 6789012"
"497","Matteo Lombardi","Bologna","+39 369 7890123"
"498","Sophia Costa","Genoa","+39 370 8901234"
"499","Giovanni Bianchi","Palermo","+39 371 9012345"
"500","Valentina Mancini","Bari","+39 372 0123456"
"501","Francesco Romano","Rome","+39 373 1234567"
"502","Elena Moretti","Milan","+39 374 2345678"
"503","Antonio Ferrari","Naples","+39 375 3456789"
"504","Alessia Bianchi","Turin","+39 376 4567890"
"505","Giovanni Costa","Florence","+39 377 5678901"
"506","Isabella Martini","Venice","+39 378 6789012"
"507","Luca Lombardi","Bologna","+39 379 7890123"
"508","Sophia Rossi","Genoa","+39 380 8901234"
"509","Matteo Romano","Palermo","+39 381 9012345"
"510","Valentina Mancini","Bari","+39 382 0123456"
"033","Bizaggi","Italiano","065897451222"
